instrument,estimator,bias,median_bias,sd,rmse,coverage,median_ci_width,mean_seconds,n_ok
0.0,Naive difference in means,1.2621210866027752,1.272837948535492,0.17350120765638732,1.2738725523438437,0.0,0.6374949983060914,0.0,100
0.0,One-step (AIPW),-0.0019856045188832994,-0.00360059811974045,0.06393148694334315,0.06364200890814496,0.97,0.2757508562354474,6.790727124214173,100
0.0,TMLE (unweighted),-0.0017803174770958385,-0.004098871386644998,0.06385953885409572,0.06356437544686833,0.97,0.2757331506344567,1.0917231774330138,100
0.0,TMLE (weighted),-0.0019703511731916645,-0.0036868635055884447,0.06393048570805202,0.06364053909721747,0.97,0.2757237271838061,0.010871624946594239,100
0.0,C-TMLE (greedy),0.00021703274122675253,-0.00383500149287741,0.06158988836205093,0.06128154949229143,0.98,0.25961181305941705,163.0946385741234,100
0.0,C-TMLE (adaptive correlation),-0.0015805683481848742,-0.0033453945192989387,0.06286714099680525,0.06257198126353644,0.96,0.2550581802785472,22.907344217300416,100
0.0,Oracle TMLE,-0.002257326463293019,0.00044027831563031583,0.06352558003107346,0.06324744933879432,0.99,0.2729496025864351,0.19010743379592895,100
0.5,Naive difference in means,1.1835363976424924,1.1799251836647588,0.1875111277543551,1.1981515861300527,0.0,0.6414648915754713,0.0,100
0.5,One-step (AIPW),0.012258304179114887,0.002764300424114019,0.08649809606823099,0.08693312049237815,0.86,0.2878820577383071,6.367379100322723,100
0.5,TMLE (unweighted),0.012353026968399128,0.0018970619867353378,0.08571778813252023,0.08617807775525235,0.86,0.28750266448287753,1.0862256932258605,100
0.5,TMLE (weighted),0.012268695081635972,0.0025772787087170457,0.08642375362572456,0.08686135744885926,0.86,0.2877623237122724,0.009854979515075683,100
0.5,C-TMLE (greedy),0.00747620577111352,-0.00027041466153754357,0.08685296982492859,0.086740403714001,0.89,0.2657353954928834,166.61225572824478,100
0.5,C-TMLE (adaptive correlation),0.008422176524601532,0.004828553770027888,0.08673342865446526,0.08670867215630275,0.85,0.2578312399253694,17.74920187473297,100
0.5,Oracle TMLE,0.005738879720376566,-0.0010452228810136077,0.07709306880808582,0.07692101524362972,0.89,0.2677918129082708,0.18791587114334107,100
1.0,Naive difference in means,1.0315103621292878,1.0381471469357928,0.16801330142379392,1.0449688090755922,0.0,0.6413887745601143,0.0,100
1.0,One-step (AIPW),0.0010144395393507644,0.007512606108644793,0.10489392826866013,0.10437307082448763,0.96,0.34930669526225255,6.3362361693382265,100
1.0,TMLE (unweighted),0.0036385100651581403,0.005382714971094771,0.09901546574824388,0.0985863103491682,0.94,0.3440824463666864,1.0712359380722045,100
1.0,TMLE (weighted),0.001615716934250333,0.007574687802136104,0.10268228587713278,0.10218035944268015,0.96,0.3479750186836955,0.011767578125,100
1.0,C-TMLE (greedy),0.015366198367037232,0.01638705671644569,0.08513921669107447,0.08609482800283168,0.89,0.26706592422506026,161.80168135404585,100
1.0,C-TMLE (adaptive correlation),0.015156808094463514,0.017331304665595404,0.08222802560056591,0.08320794760020248,0.88,0.26428675841159566,19.799686019420623,100
1.0,Oracle TMLE,0.008592472351096614,0.007543052511543191,0.06625264208235068,0.066478184678641,0.97,0.2610237780659429,0.2831065106391907,100
1.5,Naive difference in means,0.816644610851339,0.8084310297283817,0.1698611824105965,0.8339500665564822,0.01,0.6483484250852158,0.0,100
1.5,One-step (AIPW),0.009986164537520992,0.02169629771916881,0.1521992612338491,0.1517652544263626,0.93,0.4402444425344627,6.013301858901977,100
1.5,TMLE (unweighted),0.03520377473206748,0.04671748965229794,0.20162477528636294,0.20367947924268096,0.72,0.42008775641730356,0.9775653409957886,100
1.5,TMLE (weighted),0.011099530114288658,0.024713575065228977,0.14401910165947093,0.143726428311327,0.89,0.4299860415784973,0.013925936222076416,100
1.5,C-TMLE (greedy),0.008906913571657515,0.016055217685167378,0.08548683138462608,0.08552339718553419,0.91,0.27417910172885973,144.95217529296875,100
1.5,C-TMLE (adaptive correlation),0.005424497183027732,0.002453504378661542,0.0823783839325142,0.082144758369771,0.94,0.2671084309467322,17.369614291191102,100
1.5,Oracle TMLE,-0.002417697900718885,-0.008883829532873033,0.0614818962771294,0.06122147170129546,0.98,0.25578394110087765,0.2429724621772766,100
2.0,Naive difference in means,0.6859153287084183,0.7099938568722637,0.16107405811491982,0.7043899785153185,0.0,0.6512546184149341,0.0,100
2.0,One-step (AIPW),0.03067491697889535,0.019177356423933922,0.2393517396710043,0.24011937294263247,0.93,0.4835295903171065,6.062209181785583,100
2.0,TMLE (unweighted),0.15906262459213316,0.0655316113644151,1.6453525241453038,1.6448142746116803,0.39,0.796118843072942,0.9970326685905456,100
2.0,TMLE (weighted),0.02300907127328644,0.020091811022925565,0.19855650024005458,0.19889659200338794,0.93,0.4811754184500351,0.015567705631256104,100
2.0,C-TMLE (greedy),0.0012321557495647006,0.007978310569539904,0.09765667559709669,0.09717497740458186,0.88,0.2834124955241959,156.87165090322495,100
2.0,C-TMLE (adaptive correlation),0.0024078924869908036,-0.005601495973111881,0.10005335182619725,0.09958094408956537,0.78,0.2673055990256894,16.158628900051117,100
2.0,Oracle TMLE,0.010622759498339018,0.017409930130465767,0.06782217626741974,0.06831319153042105,0.96,0.25183177346988395,0.19107972383499144,100
